category,defect_mask_count,avg_defect_area_percent_of_full_image,median_defect_area_percent_of_full_image,min_defect_area_percent_of_full_image,max_defect_area_percent_of_full_image,std_defect_area_percent_of_full_image
splicing_connectors,193,12.17003029922728,3.7893425605536333,0.02096885813148789,100.0,25.237032529849984
breakfast_box,173,10.609568054552023,6.816894531250001,0.05981445312500001,57.238720703125004,11.895503662584334
juice_bottle,236,7.4885533633474575,5.599570312499999,0.0484375,23.6603125,7.8975963820074835
screw_bag,219,6.282381693648817,0.9728409090909091,0.011022727272727273,51.72852272727273,15.047462866136248
pushpins,172,1.52415560875513,0.4083823529411765,0.018294117647058825,5.413235294117647,2.044657605279322
