Row Names,instance_auroc,full_pixel_auroc,anomaly_pixel_auroc
mvtec_bottle,1.0,0.9844681490768733,0.9790756479760649
Mean,1.0,0.9844681490768733,0.9790756479760649
