split,defect_mask_count,avg_defect_area_percent_of_full_image,median_defect_area_percent_of_full_image,min_defect_area_percent_of_full_image,max_defect_area_percent_of_full_image,std_defect_area_percent_of_full_image
test,110,3.054187184401219,1.6478864289752235,0.05949816376356661,30.157977231479954,4.203137523058481
train,246,2.6972621160579933,1.5188894213818243,0.017085382341143086,29.838704082694512,3.630956311390669
