dataset_name,image_auroc,full_pixel_auroc,anomaly_pixel_auroc,train_images,test_normal_images,test_anomaly_images
btad_01,0.9786200194363458,0.9667056006933339,0.9513835580376558,400,21,49
btad_02,0.8165000000000001,0.9534288213873713,0.9450887242392416,399,30,200
btad_03,0.9994512195121951,0.9907963502165158,0.9236404675973069,1000,400,41
Mean,0.9315237463161803,0.970310257432407,0.9400375832914015,,,
