dataset,category_count,defect_type_count,train_normal,train_anomaly,validation_normal,test_normal,test_anomaly,test_logical_anomaly,test_structural_anomaly,total_original_images,analyzed_defect_masks,avg_defect_area_percent,median_defect_area_percent,min_defect_area_percent,max_defect_area_percent,std_defect_area_percent
MVTec AD,15,48,3629,0,0,467,1258,0,0,5354,1258,4.388306429062511,1.5439987182617188,0.0371,49.32050704956055,8.741231247434499
VisA,12,1,8659,0,0,962,1200,0,0,10821,1200,0.998831231598449,0.1942713741779162,0.0020003840737421,31.956569912109277,3.243074041038263
BTAD,3,1,1799,0,0,451,290,0,0,2540,290,5.4350740541187745,1.136484375,0.0,66.72777777777777,8.972802993839712
KolektorSDD2,1,1,2085,246,0,894,110,0,0,3335,356,2.807547951782024,1.556137130300665,0.017085382341143,30.157977231479958,3.814486469411625
MVTec LOCO AD,5,2,1778,0,305,575,993,561,432,3651,993,7.643067543356837,1.3309659090909092,0.0110227272727272,100.0,15.01634347640253
